Date,Pot,Block,Treatment #,Treatment,Plant 1 dead?,Plant 2 dead?,Plant 1 flowering?,Plant 2 flowering?
"September 23, 2022",1,1,149,Koe mac*Sti vir/NF,,,,
"September 23, 2022",2,1,273,Poa pra*Sti com/F,,,,
"September 23, 2022",3,1,125,Geu tri*Sti vir/NF,,,,
"September 23, 2022",4,1,180,Ane pat*Koe mac/F,,,,
"September 23, 2022",5,1,126,Geu tri*Tra dub/NF,,,,
"September 23, 2022",6,1,201,Bro ine*Bro ine/F,,,,
"September 23, 2022",7,1,219,Ely tra*Koe mac/F,,,,
"September 23, 2022",8,1,112,Gai ari*Poa pra/NF,,,,
"September 23, 2022",9,1,259,Hel hoo*Pot arg/F,,,,
"September 23, 2022",10,1,8,Ane pat*Fra vir/NF,,,,
"September 23, 2022",11,1,283,Sti com*Sti vir/F,,,,
"September 23, 2022",12,1,120,Geu tri*Hel hoo/NF,,,,
"September 23, 2022",13,1,247,Hed alp*Hed alp/F,,,,
"September 23, 2022",14,1,284,Sti com*Tra dub/F,,,,
"September 23, 2022",15,1,249,Hed alp*Koe mac/F,,,,
"September 23, 2022",16,1,80,Bro ine*Tra dub/NF,,,,
"September 23, 2022",17,1,121,Geu tri*Koe mac/NF,,,,
"September 23, 2022",18,1,95,Fra vir*Fra vir/NF,,,,
"September 23, 2022",19,1,175,Ane pat*Ely tra/F,,,,
"September 23, 2022",20,1,135,Hed alp*Tra dub/NF,,,,
"September 23, 2022",21,1,144,Koe mac alone/NF,,,,
"September 23, 2022",22,1,250,Hed alp*Poa pra/F,,,,
"September 23, 2022",23,1,10,Ane pat*Geu tri/NF,,,,
"September 23, 2022",24,1,103,Fra vir*Sti com/NF,,,,
"September 23, 2022",25,1,129,Hed alp*Hel hoo/NF,,,,
"September 23, 2022",26,1,210,Bro ine*Sti com/F,,,,
"September 23, 2022",27,1,169,Tra dub alone/NF,,,,
"September 23, 2022",28,1,245,Geu tri*Tra dub/F,,,,
"September 23, 2022",29,1,30,Ast fal*Koe mac/NF,,,,
"September 23, 2022",30,1,171,Ane pat alone/F,,,,
"September 23, 2022",31,1,14,Ane pat*Poa pra/NF,,,,
"September 23, 2022",32,1,214,Ely tra*Ely tra/F,,,,
"September 23, 2022",33,1,134,Hed alp*Sti vir/NF,,,,
"September 23, 2022",34,1,288,Tra dub alone/F,,,,
"September 23, 2022",35,1,56,Bou gra*Fra vir/NF,,,,
"September 23, 2022",36,1,269,Koe mac*Tra dub/F,,,,
"September 23, 2022",37,1,242,Geu tri*Pot arg/F,,,,
"September 23, 2022",38,1,83,Ely tra*Fra vir/NF,,,,
"September 23, 2022",39,1,139,Hel hoo*Poa pra/NF,,,,
"September 23, 2022",40,1,140,Hel hoo*Pot arg/NF,,,,
"September 23, 2022",41,1,38,Ast lae*Bou gra/NF,,,,
"September 23, 2022",42,1,282,Sti com*Sti com/F,,,,
"September 23, 2022",43,1,235,Gai ari*Tra dub/F,,,,
"September 23, 2022",44,1,228,Gai ari*Hed alp/F,,,,
"September 23, 2022",45,1,22,Ast fal*Bou gra/NF,,,,
"September 23, 2022",46,1,107,Gai ari*Gai ari/NF,,,,
"September 23, 2022",47,1,93,Ely tra*Tra dub/NF,,,,
"September 23, 2022",48,1,57,Bou gra*Gai ari/NF,,,,
"September 23, 2022",49,1,34,Ast fal*Sti vir/NF,,,,
"September 23, 2022",50,1,261,Hel hoo*Sti vir/F,,,,
"September 23, 2022",51,1,145,Koe mac*Koe mac/NF,,,,
"September 23, 2022",52,1,118,Geu tri*Geu tri/NF,,,,
"September 23, 2022",53,1,256,Hel hoo*Hel hoo/F,,,,
"September 23, 2022",54,1,11,Ane pat*Hed alp/NF,,,,
"September 23, 2022",55,1,1,Ane pat alone/NF,,,,
"September 23, 2022",56,1,163,Sti com*Sti com/NF,,,,
"September 23, 2022",57,1,177,Ane pat*Geu tri/F,,,,
"September 23, 2022",58,1,24,Ast fal*Ely tra/NF,,,,
"September 23, 2022",59,1,123,Geu tri*Pot arg/NF,,,,
"September 23, 2022",60,1,189,Bou gra*Ely tra/F,,,,
"September 23, 2022",61,1,46,Ast lae*Koe mac/NF,,,,
"September 23, 2022",62,1,280,Pot arg*Tra tub/F,,,,
"September 23, 2022",63,1,183,Ane pat*Sti com/F,,,,
"September 23, 2022",64,1,49,Ast lae*Sti com/NF,,,,
"September 23, 2022",65,1,270,Poa pra alone/F,,,,
"September 23, 2022",66,1,101,Fra vir*Poa pra/NF,,,,
"September 23, 2022",67,1,285,Sti vir alone/F,,,,
"September 23, 2022",68,1,156,Poa pra*Tra dub/NF,,,,
"September 23, 2022",69,1,208,Bro ine*Poa pra/F,,,,
"September 23, 2022",70,1,41,Ast lae*Fra vir/NF,,,,
"September 23, 2022",71,1,66,Bou gra*Tra dub/NF,,,,
"September 23, 2022",72,1,85,Ely tra*Geu tri/NF,,,,
"September 23, 2022",73,1,104,Fra vir*Sti vir/NF,,,,
"September 23, 2022",74,1,166,Sti vir alone/NF,,,,
"September 23, 2022",75,1,220,Ely tra*Poa pra/F,,,,
"September 23, 2022",76,1,124,Geu tri*Sti com/NF,,,,
"September 23, 2022",77,1,119,Geu tri*Hed alp/NF,,,,
"September 23, 2022",78,1,165,Sti com*Tra dub/NF,,,,
"September 23, 2022",79,1,50,Ast lae*Sti vir/NF,,,,
"September 23, 2022",80,1,286,Sti vir*Sti vir/F,,,,
"September 23, 2022",81,1,187,Bou gra*Bou gra/F,,,,
"September 23, 2022",82,1,98,Fra vir*Hed alp/NF,,,,
"September 23, 2022",83,1,6,Ane pat*Bro ine/NF,,,,
"September 23, 2022",84,1,63,Bou gra*Pot arg/NF,,,,
"September 23, 2022",85,1,262,Hel hoo*Tra dub/F,,,,
"September 23, 2022",86,1,18,Ane pat*Tra dub/NF,,,,
"September 23, 2022",87,1,271,Poa pra*Poa pra/F,,,,
"September 23, 2022",88,1,137,Hel hoo*Hel hoo/NF,,,,
"September 23, 2022",89,1,77,Bro ine*Pot arg/NF,,,,
"September 23, 2022",90,1,243,Geu tri*Sti com/F,,,,
"September 23, 2022",91,1,263,Koe mac alone/F,,,,
"September 23, 2022",92,1,113,Gai ari*Pot arg/NF,,,,
"September 23, 2022",93,1,105,Fra vir*Tra dub/NF,,,,
"September 23, 2022",94,1,157,Pot arg alone/NF,,,,
"September 23, 2022",95,1,277,Pot arg*Pot arg/F,,,,
"September 23, 2022",96,1,131,Hed alp*Poa pra/NF,,,,
"September 23, 2022",97,1,27,Ast fal*Geu tri/NF,,,,
"September 23, 2022",98,1,114,Gai ari*Sti com/NF,,,,
"September 23, 2022",99,1,147,Koe mac*Pot arg/NF,,,,
"September 23, 2022",100,1,229,Gai ari*Hel hoo/F,,,,
"September 23, 2022",101,1,225,Gai ari alone/F,,,,
"September 23, 2022",102,1,74,Bro ine*Hel hoo/NF,,,,
"September 23, 2022",103,1,7,Ane pat*Ely tra/NF,,,,
"September 23, 2022",104,1,200,Bro ine alone/F,,,,
"September 23, 2022",105,1,127,Hed alp alone/NF,,,,
"September 23, 2022",106,1,13,Ane pat*Koe mac/NF,,,,
"September 23, 2022",107,1,115,Gai ari*Sti vir/NF,,,,
"September 23, 2022",108,1,60,Bou gra*Hel hoo/NF,,,,
"September 23, 2022",109,1,97,Fra vir*Geu tri/NF,,,,
"September 23, 2022",110,1,39,Ast lae*Bro ine/NF,,,,
"September 23, 2022",111,1,190,Bou gra*Gai ari/F,,,Y,
"September 23, 2022",112,1,260,Hel hoo*Sti com/F,,Y,,
"September 23, 2022",113,1,199,Bou gra*Tra dub/F,,,,
"September 23, 2022",114,1,279,Pot arg*Sti vir/F,,,,
"September 23, 2022",115,1,281,Sti com alone/F,,,,
"September 23, 2022",116,1,215,Ely tra*Gai ari/F,,,,
"September 23, 2022",117,1,159,Pot arg*Sti com/NF,,,,
"September 23, 2022",118,1,254,Hed alp*Tra dub/F,,,,
"September 23, 2022",119,1,67,Bro ine alone/NF,,,,
"September 23, 2022",120,1,195,Bou gra*Poa pra/F,,,Y,
"September 23, 2022",121,1,186,Bou gra alone/F,,,,
"September 23, 2022",122,1,257,Hel hoo*Koe mac/F,,,,
"September 23, 2022",123,1,148,Koe mac*Sti com/NF,,,,
"September 23, 2022",124,1,94,Fra vir alone/NF,,,,
"September 23, 2022",125,1,207,Bro ine*Koe mac/F,,,,
"September 23, 2022",126,1,61,Bou gra*Koe mac/NF,,,,
"September 23, 2022",127,1,100,Fra vir*Koe mac/NF,,,,
"September 23, 2022",128,1,217,Ely tra*Hed alp/F,,,,
"September 23, 2022",129,1,48,Ast lae*Pot arg/NF,,,,
"September 23, 2022",130,1,75,Bro ine*Koe mac/NF,,,,
"September 23, 2022",131,1,251,Hed alp*Pot arg/F,,,,
"September 23, 2022",132,1,87,Ely tra*Hel hoo/NF,,,,
"September 23, 2022",133,1,89,Ely tra*Poa pra/NF,,,,
"September 23, 2022",134,1,42,Ast lae*Gai ari/NF,,,,
"September 23, 2022",135,1,69,Bro ine*Ely tra/NF,,,,
"September 23, 2022",136,1,108,Gai ari*Geu tri/NF,,,,
"September 23, 2022",137,1,99,Fra vir*Hel hoo/NF,,,,
"September 23, 2022",138,1,196,Bou gra*Pot arg/F,,,Y,
"September 23, 2022",139,1,237,Geu tri*Geu tri/F,,,,
"September 23, 2022",140,1,170,Tra dub*Tra dub/NF,,,,
"September 23, 2022",141,1,152,Poa pra*Poa pra/NF,,,,
"September 23, 2022",142,1,224,Ely tra*Tra dub/F,,,,
"September 23, 2022",143,1,138,Hel hoo*Koe mac/NF,,,,
"September 23, 2022",144,1,19,Ast fal alone/NF,,,,
"September 23, 2022",145,1,106,Gai ari alone/NF,,,,
"September 23, 2022",146,1,176,Ane pat*Gai ari/F,,,,
"September 23, 2022",147,1,40,Ast lae*Ely tra/NF,,,,
"September 23, 2022",148,1,70,Bro ine*Fra vir/NF,,,,
"September 23, 2022",149,1,9,Ane pat*Gai ari/NF,,,,
"September 23, 2022",150,1,47,Ast lae*Poa pra/NF,,,,
"September 23, 2022",151,1,128,Hed alp*Hed alp/NF,,,,
"September 23, 2022",152,1,45,Ast lae*Hel hoo/NF,,,,
"September 23, 2022",153,1,51,Ast lae*Tra dub/NF,,,,
"September 23, 2022",154,1,136,Hel hoo alone/NF,,,,
"September 23, 2022",155,1,278,Pot arg*Sti com/F,,,,
"September 23, 2022",156,1,272,Poa pra*Pot arg/F,,,,
"September 23, 2022",157,1,203,Bro ine*Gai ari/F,,,,
"September 23, 2022",158,1,241,Geu tri*Poa pra/F,,,,
"September 23, 2022",159,1,181,Ane pat*Poa pra/F,,,,
"September 23, 2022",160,1,202,Bro ine*Ely tra/F,,,,
"September 23, 2022",161,1,20,Ast fal*Ast fal/NF,,,,
"September 23, 2022",162,1,25,Ast fal*Fra vir/NF,,,,
"September 23, 2022",163,1,143,Hel hoo*Tra dub/NF,,,,
"September 23, 2022",164,1,2,Ane pat*Ane pat/NF,,,,
"September 23, 2022",165,1,258,Hel hoo*Poa pra/F,,,,
"September 23, 2022",166,1,230,Gai ari*Koe mac/F,,,,
"September 23, 2022",167,1,72,Bro ine*Geu tri/NF,,,,
"September 23, 2022",168,1,178,Ane pat*Hed alp/F,,,,
"September 23, 2022",169,1,64,Bou gra*Sti com/NF,,,,
"September 23, 2022",170,1,31,Ast fal*Poa pra/NF,,,,
"September 23, 2022",171,1,266,Koe mac*Pot arg/F,,,,
"September 23, 2022",172,1,211,Bro ine*Sti vir/F,,,,
"September 23, 2022",173,1,16,Ane pat*Sti com/NF,,,,
"September 23, 2022",174,1,158,Pot arg*Pot arg/NF,,,,
"September 23, 2022",175,1,110,Gai ari*Hel hoo/NF,,,,
"September 23, 2022",176,1,53,Bou gra*Bou gra/NF,,,,
"September 23, 2022",177,1,62,Bou gra*Poa pra/NF,,,,
"September 23, 2022",178,1,179,Ane pat*Hel hoo/F,,,,
"September 23, 2022",179,1,222,Ely tra*Sti com/F,,,,
"September 23, 2022",180,1,173,Ane pat*Bou gra/F,,,,Y
"September 23, 2022",181,1,209,Bro ine*Pot arg/F,,,,
"September 23, 2022",182,1,29,Ast fal*Hel hoo/NF,,,,
"September 23, 2022",183,1,54,Bou gra*Bro ine/NF,,,,
"September 23, 2022",184,1,184,Ane pat*Sti vir/F,,,,
"September 23, 2022",185,1,194,Bou gra*Koe mac/F,,,,
"September 23, 2022",186,1,58,Bou gra*Geu tri/NF,,,,
"September 23, 2022",187,1,109,Gai ari*Hed alp/NF,,,,
"September 23, 2022",188,1,246,Hed alp alone/F,,,,
"September 23, 2022",189,1,146,Koe mac*Poa pra/NF,,,,
"September 23, 2022",190,1,216,Ely tra*Geu tri/F,,,,
"September 23, 2022",191,1,264,Koe mac*Koe mac/F,,,,
"September 23, 2022",192,1,244,Geu tri*Sti vir/F,,,,
"September 23, 2022",193,1,221,Ely tra*Pot arg/F,,,,
"September 23, 2022",194,1,116,Gai ari*Tra dub/NF,,,,
"September 23, 2022",195,1,198,Bou gra*Sti vir/F,,,,
"September 23, 2022",196,1,287,Sti vir*Tra dub/F,,,,
"September 23, 2022",197,1,68,Bro ine*Bro ine/NF,,,,
"September 23, 2022",198,1,90,Ely tra*Pot arg/NF,,,,
"September 23, 2022",199,1,238,Geu tri*Hed alp/F,,,,
"September 23, 2022",200,1,168,Sti vir*Tra dub/NF,,,,
"September 23, 2022",201,1,84,Ely tra*Gai ari/NF,,,,
"September 23, 2022",202,1,91,Ely tra*Sti com/NF,,,,
"September 23, 2022",203,1,17,Ane pat*Sti vir/NF,,,,
"September 23, 2022",204,1,160,Pot arg*Sti vir/NF,,,,
"September 23, 2022",205,1,59,Bou gra*Hed alp/NF,,,,
"September 23, 2022",206,1,150,Koe mac*Tra dub/NF,,,,
"September 23, 2022",207,1,267,Koe mac*Sti com/F,,,,
"September 23, 2022",208,1,188,Bou gra*Bro ine/F,,,,
"September 23, 2022",209,1,102,Fra vir*Pot arg/NF,,,,
"September 23, 2022",210,1,26,Ast fal*Gai ari/NF,,,,
"September 23, 2022",211,1,197,Bou gra*Sti com/F,,,,
"September 23, 2022",212,1,12,Ane pat*Hel hoo/NF,,,,
"September 23, 2022",213,1,239,Geu tri*Hel hoo/F,,,,
"September 23, 2022",214,1,274,Poa pra*Sti vir/F,,,,
"September 23, 2022",215,1,172,Ane pat*Ane pat/F,Y,N/A,,
"September 23, 2022",216,1,65,Bou gra*Sti vir/NF,,,Y,
"September 23, 2022",217,1,3,Ane pat*Ast fal/NF,,,,
"September 23, 2022",218,1,185,Ane pat*Tra dub/F,,,,
"September 23, 2022",219,1,192,Bou gra*Hed alp/F,,,Y,
"September 23, 2022",220,1,23,Ast fal*Bro ine/NF,,,,
"September 23, 2022",221,1,255,Hel hoo aone/F,,,,
"September 23, 2022",222,1,96,Fra vir*Gai ari/NF,,,,
"September 23, 2022",223,1,151,Poa pra alone/NF,,,,
"September 23, 2022",224,1,37,Ast lae*Ast lae/NF,,,,
"September 23, 2022",225,1,73,Bro ine*Hed alp/NF,,,,
"September 23, 2022",226,1,231,Gai ari*Poa pra/F,,,,
"September 23, 2022",227,1,5,Ane pat*Bou gra/NF,,,,Y
"September 23, 2022",228,1,275,Poa pra*Tra dub/F,,,,
"September 23, 2022",229,1,236,Geu tri alone/F,,,,
"September 23, 2022",230,1,117,Geu tri alone/NF,,,,
"September 23, 2022",231,1,15,Ane pat*Pot arg/NF,,,,
"September 23, 2022",232,1,133,Hed alp*Sti com/NF,,,,
"September 23, 2022",233,1,21,Ast fal*Ast lae/NF,,,,
"September 23, 2022",234,1,193,Bou gra*Hel hoo/F,,,,
"September 23, 2022",235,1,154,Poa pra*Sti com/NF,,,,
"September 23, 2022",236,1,81,Ely tra alone/NF,,,,
"September 23, 2022",237,1,35,Ast fal*Tra dub/NF,,,,
"September 23, 2022",238,1,88,Ely tra*Koe mac/NF,,,,
"September 23, 2022",239,1,32,Ast fal*Pot arg/NF,,,,
"September 23, 2022",240,1,4,Ane pat*Ast lae/NF,,,,
"September 23, 2022",241,1,161,Pot arg*Tra dub/NF,,,,
"September 23, 2022",242,1,218,Ely tra*Hel hoo/F,,,,
"September 23, 2022",243,1,76,Bro ine*Poa pra/NF,,,,
"September 23, 2022",244,1,78,Bro ine*Sti com/NF,,,,
"September 23, 2022",245,1,52,Bou gra alone/NF,,,,
"September 23, 2022",246,1,252,Hed alp*Sti com/F,,,,
"September 23, 2022",247,1,276,Pot arg alone/F,,,,
"September 23, 2022",248,1,204,Bro ine*Geu tri/F,,,,
"September 23, 2022",249,1,82,Ely tra*Ely tra/NF,,,,
"September 23, 2022",250,1,226,Gai ari*Gai ari/F,,,,
"September 23, 2022",251,1,55,Bou gra*Ely tra/NF,,,Y,
"September 23, 2022",252,1,191,Bou gra*Geu tri/F,,,Y,
"September 23, 2022",253,1,223,Ely tra*Sti vir/F,,,,
"September 23, 2022",254,1,212,Bro ine*Tra dub/F,,,,
"September 23, 2022",255,1,71,Bro ine*Gai ari/NF,,,,
"September 23, 2022",256,1,141,Hel hoo*Sti com/NF,,,,
"September 23, 2022",257,1,130,Hed alp*Koe mac/NF,,,,
"September 23, 2022",258,1,155,Poa pra*Sti vir/NF,,,,
"September 23, 2022",259,1,232,Gai ari*Pot arg/F,,,,
"September 23, 2022",260,1,205,Bro ine*Hed alp/F,,,,
"September 23, 2022",261,1,233,Gai ari*Sti com/F,,,,
"September 23, 2022",262,1,111,Gai ari*Koe mac/NF,,,,
"September 23, 2022",263,1,36,Ast lae alone/NF,,,,
"September 23, 2022",264,1,182,Ane pat*Pot arg/F,,,,
"September 23, 2022",265,1,289,Tra dub*Tra dub/F,,,,
"September 23, 2022",266,1,162,Sti com alone/NF,,,,
"September 23, 2022",267,1,92,Ely tra*Sti vir/NF,,,,
"September 23, 2022",268,1,265,Koe mac*Poa pra/F,,,,
"September 23, 2022",269,1,240,Geu tri*Koe mac/F,,,,
"September 23, 2022",270,1,79,Bro ine*Sti vir/NF,,,,
"September 23, 2022",271,1,227,Gai ari*Geu tri/F,,,,
"September 23, 2022",272,1,234,Gai ari*Sti vir/F,,,,
"September 23, 2022",273,1,268,Koe mac*Sti vir/F,,,,
"September 23, 2022",274,1,153,Poa pra*Pot arg/NF,,,,
"September 23, 2022",275,1,213,Ely tra alone/F,,,,
"September 23, 2022",276,1,142,Hel hoo*Sti vir/NF,,,,
"September 23, 2022",277,1,122,Geu tri*Poa pra/NF,,,,
"September 23, 2022",278,1,164,Sti com*Sti vir/NF,,,,
"September 23, 2022",279,1,174,Ane pat*Bro ine/F,,,,
"September 23, 2022",280,1,86,Ely tra*Hed alp/NF,,,,
"September 23, 2022",281,1,132,Hed alp*Pot arg/NF,,,,
"September 23, 2022",282,1,33,Ast fal*Sti com/NF,,,,
"September 23, 2022",283,1,253,Hed alp*Sti vir/F,Y,,,
"September 23, 2022",284,1,206,Bro ine*Hel hoo/F,,,,
"September 23, 2022",285,1,44,Ast lae*Hed alp/NF,,,,
"September 23, 2022",286,1,28,Ast fal*Hed alp/NF,,,,
"September 23, 2022",287,1,43,Ast lae*Geu tri/NF,,,,
"September 23, 2022",288,1,167,Sti vir*Sti vir/NF,,,,
"September 23, 2022",289,1,248,Hed alp*Hel hoo/F,,,,
"September 23, 2022",290,2,251,Hed alp*Pot arg/F,,,,
"September 23, 2022",291,2,17,Ane pat*Sti vir/NF,,,,
"September 23, 2022",292,2,103,Fra vir*Sti com/NF,,,,
"September 23, 2022",293,2,129,Hed alp*Hel hoo/NF,,,,
"September 23, 2022",294,2,266,Koe mac*Pot arg/F,,Y,,
"September 23, 2022",295,2,210,Bro ine*Sti com/F,,,,
"September 23, 2022",296,2,158,Pot arg*Pot arg/NF,,,,
"September 23, 2022",297,2,122,Geu tri*Poa pra/NF,,,,
"September 23, 2022",298,2,69,Bro ine*Ely tra/NF,,,,
"September 23, 2022",299,2,188,Bou gra*Bro ine/F,,,,
"September 23, 2022",300,2,108,Gai ari*Geu tri/NF,,,,
"September 23, 2022",301,2,223,Ely tra*Sti vir/F,,,,
"September 23, 2022",302,2,64,Bou gra*Sti com/NF,,,,
"September 23, 2022",303,2,100,Fra vir*Koe mac/NF,,,,
"September 23, 2022",304,2,242,Geu tri*Pot arg/F,Y,Y,,
"September 23, 2022",305,2,217,Ely tra*Hed alp/F,,,,
"September 23, 2022",306,2,53,Bou gra*Bou gra/NF,,,,
"September 23, 2022",307,2,130,Hed alp*Koe mac/NF,,,,
"September 23, 2022",308,2,46,Ast lae*Koe mac/NF,,,,
"September 23, 2022",309,2,211,Bro ine*Sti vir/F,,,,
"September 23, 2022",310,2,260,Hel hoo*Sti com/F,,,,
"September 23, 2022",311,2,228,Gai ari*Hed alp/F,,,,
"September 23, 2022",312,2,258,Hel hoo*Poa pra/F,,,,
"September 23, 2022",313,2,95,Fra vir*Fra vir/NF,,,,
"September 23, 2022",314,2,273,Poa pra*Sti com/F,,,,
"September 23, 2022",315,2,28,Ast fal*Hed alp/NF,,,,
"September 23, 2022",316,2,236,Geu tri alone/F,,,,
"September 23, 2022",317,2,74,Bro ine*Hel hoo/NF,,,,
"September 23, 2022",318,2,187,Bou gra*Bou gra/F,,,Y,
"September 23, 2022",319,2,127,Hed alp alone/NF,,,,
"September 23, 2022",320,2,62,Bou gra*Poa pra/NF,,,Y,
"September 23, 2022",321,2,180,Ane pat*Koe mac/F,,,,
"September 23, 2022",322,2,220,Ely tra*Poa pra/F,,,,
"September 23, 2022",323,2,96,Fra vir*Gai ari/NF,,,,
"September 23, 2022",324,2,162,Sti com alone/NF,,,,
"September 23, 2022",325,2,137,Hel hoo*Hel hoo/NF,,,,
"September 23, 2022",326,2,12,Ane pat*Hel hoo/NF,,,,
"September 23, 2022",327,2,206,Bro ine*Hel hoo/F,,,,
"September 23, 2022",328,2,1,Ane pat alone/NF,,,,
"September 23, 2022",329,2,195,Bou gra*Poa pra/F,,,,
"September 23, 2022",330,2,72,Bro ine*Geu tri/NF,,,,
"September 23, 2022",331,2,178,Ane pat*Hed alp/F,Y,Y,,
"September 23, 2022",332,2,185,Ane pat*Tra dub/F,,,,
"September 23, 2022",333,2,77,Bro ine*Pot arg/NF,,,,
"September 23, 2022",334,2,104,Fra vir*Sti vir/NF,,,,
"September 23, 2022",335,2,98,Fra vir*Hed alp/NF,,Y,,
"September 23, 2022",336,2,213,Ely tra alone/F,,,,
"September 23, 2022",337,2,214,Ely tra*Ely tra/F,,,,
"September 23, 2022",338,2,225,Gai ari alone/F,,,,
"September 23, 2022",339,2,101,Fra vir*Poa pra/NF,,,,
"September 23, 2022",340,2,23,Ast fal*Bro ine/NF,,,,
"September 23, 2022",341,2,112,Gai ari*Poa pra/NF,,,,
"September 23, 2022",342,2,202,Bro ine*Ely tra/F,,,,
"September 23, 2022",343,2,144,Koe mac alone/NF,,,,
"September 23, 2022",344,2,67,Bro ine alone/NF,,,,
"September 23, 2022",345,2,272,Poa pra*Pot arg/F,,,,
"September 23, 2022",346,2,234,Gai ari*Sti vir/F,,,,
"September 23, 2022",347,2,150,Koe mac*Tra dub/NF,,,,
"September 23, 2022",348,2,248,Hed alp*Hel hoo/F,,,,
"September 23, 2022",349,2,289,Tra dub*Tra dub/F,,,,
"September 23, 2022",350,2,116,Gai ari*Tra dub/NF,,,,
"September 23, 2022",351,2,118,Geu tri*Geu tri/NF,,,,
"September 23, 2022",352,2,274,Poa pra*Sti vir/F,,,,
"September 23, 2022",353,2,90,Ely tra*Pot arg/NF,,,,
"September 23, 2022",354,2,49,Ast lae*Sti com/NF,,,,
"September 23, 2022",355,2,245,Geu tri*Tra dub/F,,,,
"September 23, 2022",356,2,218,Ely tra*Hel hoo/F,,,,
"September 23, 2022",357,2,50,Ast lae*Sti vir/NF,,,,
"September 23, 2022",358,2,3,Ane pat*Ast fal/NF,,,,
"September 23, 2022",359,2,123,Geu tri*Pot arg/NF,,,,
"September 23, 2022",360,2,2,Ane pat*Ane pat/NF,,,,
"September 23, 2022",361,2,70,Bro ine*Fra vir/NF,,,,
"September 23, 2022",362,2,269,Koe mac*Tra dub/F,,,,
"September 23, 2022",363,2,277,Pot arg*Pot arg/F,,,,
"September 23, 2022",364,2,199,Bou gra*Tra dub/F,,,Y,
"September 23, 2022",365,2,113,Gai ari*Pot arg/NF,,,,
"September 23, 2022",366,2,230,Gai ari*Koe mac/F,,,,
"September 23, 2022",367,2,140,Hel hoo*Pot arg/NF,,,,
"September 23, 2022",368,2,191,Bou gra*Geu tri/F,,,,
"September 23, 2022",369,2,29,Ast fal*Hel hoo/NF,,,,
"September 23, 2022",370,2,80,Bro ine*Tra dub/NF,,,,
"September 23, 2022",371,2,75,Bro ine*Koe mac/NF,,,,
"September 23, 2022",372,2,192,Bou gra*Hed alp/F,,,Y,
"September 23, 2022",373,2,114,Gai ari*Sti com/NF,,,,
"September 23, 2022",374,2,168,Sti vir*Tra dub/NF,,,,
"September 23, 2022",375,2,43,Ast lae*Geu tri/NF,,,,
"September 23, 2022",376,2,40,Ast lae*Ely tra/NF,,,,
"September 23, 2022",377,2,270,Poa pra alone/F,,,,
"September 23, 2022",378,2,32,Ast fal*Pot arg/NF,,,,
"September 23, 2022",379,2,151,Poa pra alone/NF,,,,
"September 23, 2022",380,2,288,Tra dub alone/F,,,,
"September 23, 2022",381,2,4,Ane pat*Ast lae/NF,,,,
"September 23, 2022",382,2,147,Koe mac*Pot arg/NF,,,,
"September 23, 2022",383,2,235,Gai ari*Tra dub/F,,,,
"September 23, 2022",384,2,255,Hel hoo alone/F,,,,
"September 23, 2022",385,2,257,Hel hoo*Koe mac/F,,,,
"September 23, 2022",386,2,179,Ane pat*Hel hoo/F,,,,
"September 23, 2022",387,2,138,Hel hoo*Koe mac/NF,,,,
"September 23, 2022",388,2,247,Hed alp*Hed alp/F,,,,
"September 23, 2022",389,2,135,Hed alp*Tra dub/NF,,,,
"September 23, 2022",390,2,13,Ane pat*Koe mac/NF,,,,
"September 23, 2022",391,2,37,Ast lae*Ast lae/NF,,,,
"September 23, 2022",392,2,159,Pot arg*Sti com/NF,,,,
"September 23, 2022",393,2,193,Bou gra*Hel hoo/F,,,Y,
"September 23, 2022",394,2,128,Hed alp*Hed alp/NF,,,,
"September 23, 2022",395,2,143,Hel hoo*Tra dub/NF,,,,
"September 23, 2022",396,2,252,Hed alp*Sti com/F,,,,
"September 23, 2022",397,2,51,Ast lae*Tra dub/NF,,,,
"September 23, 2022",398,2,132,Hed alp*Pot arg/NF,,,,
"September 23, 2022",399,2,229,Gai ari*Hel hoo/F,,,,
"September 23, 2022",400,2,275,Poa pra*Tra dub/F,,,,
"September 23, 2022",401,2,146,Koe mac*Poa pra/NF,,,,
"September 23, 2022",402,2,200,Bro ine alone/F,,,,
"September 23, 2022",403,2,88,Ely tra*Koe mac/NF,,,,
"September 23, 2022",404,2,105,Fra vir*Tra dub/NF,,,,
"September 23, 2022",405,2,57,Bou gra*Gai ari/NF,,,,
"September 23, 2022",406,2,154,Poa pra*Sti com/NF,,,,
"September 23, 2022",407,2,278,Pot arg*Sti com/F,,,,
"September 23, 2022",408,2,152,Poa pra*Poa pra/NF,,,,
"September 23, 2022",409,2,271,Poa pra*Poa pra/F,,,,
"September 23, 2022",410,2,155,Poa pra*Sti vir/NF,,,,
"September 23, 2022",411,2,5,Ane pat*Bou gra/NF,,,,
"September 23, 2022",412,2,7,Ane pat*Ely tra/NF,,,,
"September 23, 2022",413,2,204,Bro ine*Geu tri/F,,,,
"September 23, 2022",414,2,165,Sti com*Tra dub/NF,,,,
"September 23, 2022",415,2,65,Bou gra*Sti vir/NF,,,,
"September 23, 2022",416,2,34,Ast fal*Sti vir/NF,,,,
"September 23, 2022",417,2,264,Koe mac*Koe mac/F,,,,
"September 23, 2022",418,2,249,Hed alp*Koe mac/F,,,,
"September 23, 2022",419,2,133,Hed alp*Sti com/NF,,,,
"September 23, 2022",420,2,157,Pot arg alone/NF,,,,
"September 23, 2022",421,2,261,Hel hoo*Sti vir/F,,,,
"September 23, 2022",422,2,215,Ely tra*Gai ari/F,,,,
"September 23, 2022",423,2,262,Hel hoo*Tra dub/F,,,,
"September 23, 2022",424,2,42,Ast lae*Gai ari/NF,,,,
"September 23, 2022",425,2,119,Geu tri*Hed alp/NF,,,,
"September 23, 2022",426,2,145,Koe mac*Koe mac/NF,,,,
"September 23, 2022",427,2,93,Ely tra*Tra dub/NF,,,,
"September 23, 2022",428,2,24,Ast fal*Ely tra/NF,,,,
"September 23, 2022",429,2,141,Hel hoo*Sti com/NF,,,,
"September 23, 2022",430,2,226,Gai ari*Gai ari/F,,,,
"September 23, 2022",431,2,92,Ely tra*Sti vir/NF,,,,
"September 23, 2022",432,2,238,Geu tri*Hed alp/F,,,,
"September 23, 2022",433,2,216,Ely tra*Geu tri/F,,,,
"September 23, 2022",434,2,164,Sti com*Sti vir/NF,,,,
"September 23, 2022",435,2,102,Fra vir*Pot arg/NF,,,,
"September 23, 2022",436,2,44,Ast lae*Hed alp/NF,,,,
"September 23, 2022",437,2,182,Ane pat*Pot arg/F,,,,
"September 23, 2022",438,2,38,Ast lae*Bou gra/NF,,,,
"September 23, 2022",439,2,45,Ast lae*Hel hoo/NF,,,,
"September 23, 2022",440,2,189,Bou gra*Ely tra/F,,,Y,
"September 23, 2022",441,2,221,Ely tra*Pot arg/F,,,,
"September 23, 2022",442,2,124,Geu tri*Sti com/NF,,,,
"September 23, 2022",443,2,285,Sti vir alone/F,,,,
"September 23, 2022",444,2,176,Ane pat*Gai ari/F,,,,
"September 23, 2022",445,2,52,Bou gra alone/NF,,,,
"September 23, 2022",446,2,33,Ast fal*Sti com/NF,,,,
"September 23, 2022",447,2,97,Fra vir*Geu tri/NF,,,,
"September 23, 2022",448,2,265,Koe mac*Poa pra/F,,,,
"September 23, 2022",449,2,59,Bou gra*Hed alp/NF,,Y,,
"September 23, 2022",450,2,47,Ast lae*Poa pra/NF,,,,
"September 23, 2022",451,2,56,Bou gra*Fra vir/NF,,,,
"September 23, 2022",452,2,117,Geu tri alone/NF,,,,
"September 23, 2022",453,2,15,Ane pat*Pot arg/NF,Y,,,
"September 23, 2022",454,2,60,Bou gra*Hel hoo/NF,Y,,,
"September 23, 2022",455,2,25,Ast fal*Fra vir/NF,,,,
"September 23, 2022",456,2,85,Ely tra*Geu tri/NF,,,,
"September 23, 2022",457,2,153,Poa pra*Pot arg/NF,,,,
"September 23, 2022",458,2,79,Bro ine*Sti vir/NF,,,,
"September 23, 2022",459,2,203,Bro ine*Gai ari/F,,,,
"September 23, 2022",460,2,22,Ast fal*Bou gra/NF,,,,
"September 23, 2022",461,2,181,Ane pat*Poa pra/F,,,,
"September 23, 2022",462,2,173,Ane pat*Bou gra/F,,,,
"September 23, 2022",463,2,87,Ely tra*Hel hoo/NF,,,,
"September 23, 2022",464,2,194,Bou gra*Koe mac/F,,,,
"September 23, 2022",465,2,18,Ane pat*Tra dub/NF,,,,
"September 23, 2022",466,2,209,Bro ine*Pot arg/F,,,,
"September 23, 2022",467,2,167,Sti vir*Sti vir/NF,,,,
"September 23, 2022",468,2,26,Ast fal*Gai ari/NF,,,,
"September 23, 2022",469,2,14,Ane pat*Poa pra/NF,,,,
"September 23, 2022",470,2,286,Sti vir*Sti vir/F,,,,
"September 23, 2022",471,2,207,Bro ine*Koe mac/F,,,,
"September 23, 2022",472,2,208,Bro ine*Poa pra/F,,,,
"September 23, 2022",473,2,149,Koe mac*Sti vir/NF,,,,
"September 23, 2022",474,2,91,Ely tra*Sti com/NF,,,,
"September 23, 2022",475,2,19,Ast fal alone/NF,,,,
"September 23, 2022",476,2,201,Bro ine*Bro ine/F,,,,
"September 23, 2022",477,2,54,Bou gra*Bro ine/NF,y,,,
"September 23, 2022",478,2,6,Ane pat*Bro ine/NF,,,,
"September 23, 2022",479,2,106,Gai ari alone/NF,,,,
"September 23, 2022",480,2,10,Ane pat*Geu tri/NF,,,,
"September 23, 2022",481,2,253,Hed alp*Sti vir/F,,,,
"September 23, 2022",482,2,198,Bou gra*Sti vir/F,,,Y,
"September 23, 2022",483,2,166,Sti vir alone/NF,,,,
"September 23, 2022",484,2,224,Ely tra*Tra dub/F,,,,
"September 23, 2022",485,2,109,Gai ari*Hed alp/NF,,,,
"September 23, 2022",486,2,240,Geu tri*Koe mac/F,,,,
"September 23, 2022",487,2,78,Bro ine*Sti com/NF,,,,
"September 23, 2022",488,2,35,Ast fal*Tra dub/NF,,,,
"September 23, 2022",489,2,222,Ely tra*Sti com/F,,,,
"September 23, 2022",490,2,121,Geu tri*Koe mac/NF,,,,
"September 23, 2022",491,2,63,Bou gra*Pot arg/NF,,,,
"September 23, 2022",492,2,142,Hel hoo*Sti vir/NF,,,,
"September 23, 2022",493,2,282,Sti com*Sti com/F,,,,
"September 23, 2022",494,2,86,Ely tra*Hed alp/NF,,,,
"September 23, 2022",495,2,36,Ast lae alone/NF,,,,
"September 23, 2022",496,2,8,Ane pat*Fra vir/NF,,,,
"September 23, 2022",497,2,243,Geu tri*Sti com/F,,,,
"September 23, 2022",498,2,254,Hed alp*Tra dub/F,,,,
"September 23, 2022",499,2,231,Gai ari*Poa pra/F,,,,
"September 23, 2022",500,2,250,Hed alp*Poa pra/F,,,,
"September 23, 2022",501,2,27,Ast fal*Geu tri/NF,,,,
"September 23, 2022",502,2,110,Gai ari*Hel hoo/NF,,,,
"September 23, 2022",503,2,134,Hed alp*Sti vir/NF,,,,
"September 23, 2022",504,2,68,Bro ine*Bro ine/NF,,,,
"September 23, 2022",505,2,283,Sti com*Sti vir/F,,,,
"September 23, 2022",506,2,259,Hel hoo*Pot arg/F,,,,
"September 23, 2022",507,2,66,Bou gra*Tra dub/NF,,,,
"September 23, 2022",508,2,61,Bou gra*Koe mac/NF,,,,
"September 23, 2022",509,2,58,Bou gra*Geu tri/NF,,,,
"September 23, 2022",510,2,81,Ely tra alone/NF,,,,
"September 23, 2022",511,2,281,Sti com alone/F,,,,
"September 23, 2022",512,2,232,Gai ari*Pot arg/F,,,,
"September 23, 2022",513,2,120,Geu tri*Hel hoo/NF,,,,
"September 23, 2022",514,2,107,Gai ari*Gai ari/NF,,,,
"September 23, 2022",515,2,205,Bro ine*Hed alp/F,,,,
"September 23, 2022",516,2,41,Ast lae*Fra vir/NF,,,,
"September 23, 2022",517,2,76,Bro ine*Poa pra/NF,,,,
"September 23, 2022",518,2,219,Ely tra*Koe mac/F,,,,
"September 23, 2022",519,2,111,Gai ari*Koe mac/NF,,,,
"September 23, 2022",520,2,131,Hed alp*Poa pra/NF,,,,
"September 23, 2022",521,2,212,Bro ine*Tra dub/F,,,Y,
"September 23, 2022",522,2,169,Tra dub alone/NF,,,,
"September 23, 2022",523,2,237,Geu tri*Geu tri/F,,,,
"September 23, 2022",524,2,239,Geu tri*Hel hoo/F,,,,
"September 23, 2022",525,2,16,Ane pat*Sti com/NF,,,,
"September 23, 2022",526,2,263,Koe mac alone/F,,,,
"September 23, 2022",527,2,11,Ane pat*Hed alp/NF,,,,
"September 23, 2022",528,2,177,Ane pat*Geu tri/F,,,,
"September 23, 2022",529,2,183,Ane pat*Sti com/F,,,,
"September 23, 2022",530,2,125,Geu tri*Sti vir/NF,,,,
"September 23, 2022",531,2,287,Sti vir*Tra dub/F,,,,
"September 23, 2022",532,2,99,Fra vir*Hel hoo/NF,,,,
"September 23, 2022",533,2,256,Hel hoo*Hel hoo/F,,,,
"September 23, 2022",534,2,267,Koe mac*Sti com/F,,,,
"September 23, 2022",535,2,30,Ast fal*Koe mac/NF,,,,
"September 23, 2022",536,2,139,Hel hoo*Poa pra/NF,,,,
"September 23, 2022",537,2,268,Koe mac*Sti vir/F,,,,
"September 23, 2022",538,2,9,Ane pat*Gai ari/NF,,,,
"September 23, 2022",539,2,156,Poa pra*Tra dub/NF,,,,
"September 23, 2022",540,2,190,Bou gra*Gai ari/F,,,,
"September 23, 2022",541,2,241,Geu tri*Poa pra/F,,,,
"September 23, 2022",542,2,175,Ane pat*Ely tra/F,,,,
"September 23, 2022",543,2,170,Tra dub*Tra dub/NF,,,,
"September 23, 2022",544,2,284,Sti com*Tra dub/F,,,,
"September 23, 2022",545,2,244,Geu tri*Sti vir/F,,,,
"September 23, 2022",546,2,71,Bro ine*Gai ari/NF,,,,
"September 23, 2022",547,2,227,Gai ari*Geu tri/F,,,,
"September 23, 2022",548,2,21,Ast fal*Ast lae/NF,,,,
"September 23, 2022",549,2,136,Hel hoo alone/NF,,,,
"September 23, 2022",550,2,184,Ane pat*Sti vir/F,,,,
"September 23, 2022",551,2,148,Koe mac*Sti com/NF,,,,
"September 23, 2022",552,2,39,Ast lae*Bro ine/NF,,,,
"September 23, 2022",553,2,163,Sti com*Sti com/NF,,,,
"September 23, 2022",554,2,196,Bou gra*Pot arg/F,,,,
"September 23, 2022",555,2,20,Ast fal*Ast fal/NF,,,,
"September 23, 2022",556,2,48,Ast lae*Pot arg/NF,,,,
"September 23, 2022",557,2,84,Ely tra*Gai ari/NF,,,,
"September 23, 2022",558,2,82,Ely tra*Ely tra/NF,,,,
"September 23, 2022",559,2,197,Bou gra*Sti com/F,,,Y,
"September 23, 2022",560,2,126,Geu tri*Tra dub/NF,,,,
"September 23, 2022",561,2,174,Ane pat*Bro ine/F,,,,
"September 23, 2022",562,2,279,Pot arg*Sti vir/F,,,,
"September 23, 2022",563,2,186,Bou gra alone/F,,,,
"September 23, 2022",564,2,31,Ast fal*Poa pra/NF,,,,
"September 23, 2022",565,2,115,Gai ari*Sti vir/NF,,,,
"September 23, 2022",566,2,160,Pot arg*Sti vir/NF,,,,
"September 23, 2022",567,2,89,Ely tra*Poa pra/NF,,,,
"September 23, 2022",568,2,233,Gai ari*Sti com/F,,,,
"September 23, 2022",569,2,83,Ely tra*Fra vir/NF,,,,
"September 23, 2022",570,2,73,Bro ine*Hed alp/NF,,,,
"September 23, 2022",571,2,94,Fra vir alone/NF,,,,
"September 23, 2022",572,2,246,Hed alp alone/F,Y,,,
"September 23, 2022",573,2,161,Pot arg*Tra dub/NF,,,,
"September 23, 2022",574,2,171,Ane pat alone/F,,,,
"September 23, 2022",575,2,172,Ane pat*Ane pat/F,,,,
"September 23, 2022",576,2,276,Pot arg alone/F,,,,
"September 23, 2022",577,2,280,Pot arg*Tra tub/F,,,,
"September 23, 2022",578,2,55,Bou gra*Ely tra/NF,,,,
"September 23, 2022",579,3,272,Poa pra*Pot arg/F,,,,
"September 23, 2022",580,3,287,Sti vir*Tra dub/F,,,,
"September 23, 2022",581,3,41,Ast lae*Fra vir/NF,,,,
"September 23, 2022",582,3,218,Ely tra*Hel hoo/F,,,,
"September 23, 2022",583,3,127,Hed alp alone/NF,,,,
"September 23, 2022",584,3,147,Koe mac*Pot arg/NF,,,,
"September 23, 2022",585,3,226,Gai ari*Gai ari/F,,,,
"September 23, 2022",586,3,135,Hed alp*Tra dub/NF,,,,
"September 23, 2022",587,3,273,Poa pra*Sti com/F,,,,
"September 23, 2022",588,3,279,Pot arg*Sti vir/F,,,,
"September 23, 2022",589,3,30,Ast fal*Koe mac/NF,,,,
"September 23, 2022",590,3,37,Ast lae*Ast lae/NF,,,,
"September 23, 2022",591,3,175,Ane pat*Ely tra/F,,,,
"September 23, 2022",592,3,202,Bro ine*Ely tra/F,,,,
"September 23, 2022",593,3,162,Sti com alone/NF,,,,
"September 23, 2022",594,3,85,Ely tra*Geu tri/NF,,,,
"September 23, 2022",595,3,166,Sti vir alone/NF,,,,
"September 23, 2022",596,3,34,Ast fal*Sti vir/NF,,,,
"September 23, 2022",597,3,252,Hed alp*Sti com/F,,,,
"September 23, 2022",598,3,129,Hed alp*Hel hoo/NF,,,,
"September 23, 2022",599,3,249,Hed alp*Koe mac/F,,,,
"September 23, 2022",600,3,248,Hed alp*Hel hoo/F,,,,
"September 23, 2022",601,3,160,Pot arg*Sti vir/NF,,,,
"September 23, 2022",602,3,195,Bou gra*Poa pra/F,,,,
"September 23, 2022",603,3,262,Hel hoo*Tra dub/F,,,,
"September 23, 2022",604,3,196,Bou gra*Pot arg/F,,,,
"September 23, 2022",605,3,177,Ane pat*Geu tri/F,,,,
"September 23, 2022",606,3,68,Bro ine*Bro ine/NF,,,,
"September 23, 2022",607,3,96,Fra vir*Gai ari/NF,,,,
"September 23, 2022",608,3,188,Bou gra*Bro ine/F,,,Y,
"September 23, 2022",609,3,136,Hel hoo alone/NF,NP,,,
"September 23, 2022",610,3,210,Bro ine*Sti com/F,,,,
"September 23, 2022",611,3,148,Koe mac*Sti com/NF,,,,
"September 23, 2022",612,3,45,Ast lae*Hel hoo/NF,,,,
"September 23, 2022",613,3,109,Gai ari*Hed alp/NF,,,,
"September 23, 2022",614,3,247,Hed alp*Hed alp/F,,,,
"September 23, 2022",615,3,57,Bou gra*Gai ari/NF,,,,
"September 23, 2022",616,3,155,Poa pra*Sti vir/NF,,,,
"September 23, 2022",617,3,91,Ely tra*Sti com/NF,,,,
"September 23, 2022",618,3,18,Ane pat*Tra dub/NF,,,,
"September 23, 2022",619,3,149,Koe mac*Sti vir/NF,,,,
"September 23, 2022",620,3,55,Bou gra*Ely tra/NF,,,,
"September 23, 2022",621,3,187,Bou gra*Bou gra/F,,,Y,Y
"September 23, 2022",622,3,170,Tra dub*Tra dub/NF,,,,
"September 23, 2022",623,3,145,Koe mac*Koe mac/NF,,,,
"September 23, 2022",624,3,89,Ely tra*Poa pra/NF,,,,
"September 23, 2022",625,3,56,Bou gra*Fra vir/NF,,,,
"September 23, 2022",626,3,114,Gai ari*Sti com/NF,,Y,,
"September 23, 2022",627,3,227,Gai ari*Geu tri/F,,,,
"September 23, 2022",628,3,23,Ast fal*Bro ine/NF,,,,
"September 23, 2022",629,3,75,Bro ine*Koe mac/NF,,,,
"September 23, 2022",630,3,278,Pot arg*Sti com/F,,,,
"September 23, 2022",631,3,257,Hel hoo*Koe mac/F,,,,
"September 23, 2022",632,3,268,Koe mac*Sti vir/F,,,,
"September 23, 2022",633,3,14,Ane pat*Poa pra/NF,,,,
"September 23, 2022",634,3,107,Gai ari*Gai ari/NF,,,,
"September 23, 2022",635,3,47,Ast lae*Poa pra/NF,,,,
"September 23, 2022",636,3,193,Bou gra*Hel hoo/F,,,,
"September 23, 2022",637,3,8,Ane pat*Fra vir/NF,,,,
"September 23, 2022",638,3,232,Gai ari*Pot arg/F,,,,
"September 23, 2022",639,3,178,Ane pat*Hed alp/F,,,,
"September 23, 2022",640,3,17,Ane pat*Sti vir/NF,,,,
"September 23, 2022",641,3,189,Bou gra*Ely tra/F,,,Y,
"September 23, 2022",642,3,106,Gai ari alone/NF,,,,
"September 23, 2022",643,3,199,Bou gra*Tra dub/F,,,,
"September 23, 2022",644,3,179,Ane pat*Hel hoo/F,,,,
"September 23, 2022",645,3,73,Bro ine*Hed alp/NF,,,,
"September 23, 2022",646,3,121,Geu tri*Koe mac/NF,,,,
"September 23, 2022",647,3,204,Bro ine*Geu tri/F,,,,
"September 23, 2022",648,3,176,Ane pat*Gai ari/F,,,,
"September 23, 2022",649,3,159,Pot arg*Sti com/NF,,,,
"September 23, 2022",650,3,258,Hel hoo*Poa pra/F,,,,
"September 23, 2022",651,3,9,Ane pat*Gai ari/NF,,,,
"September 23, 2022",652,3,6,Ane pat*Bro ine/NF,,,,
"September 23, 2022",653,3,33,Ast fal*Sti com/NF,,,,
"September 23, 2022",654,3,228,Gai ari*Hed alp/F,,,,
"September 23, 2022",655,3,22,Ast fal*Bou gra/NF,,,,
"September 23, 2022",656,3,229,Gai ari*Hel hoo/F,,,,
"September 23, 2022",657,3,77,Bro ine*Pot arg/NF,,,,
"September 23, 2022",658,3,156,Poa pra*Tra dub/NF,,,,
"September 23, 2022",659,3,19,Ast fal alone/NF,,,,
"September 23, 2022",660,3,284,Sti com*Tra dub/F,,,,
"September 23, 2022",661,3,146,Koe mac*Poa pra/NF,,,,
"September 23, 2022",662,3,66,Bou gra*Tra dub/NF,,,,
"September 23, 2022",663,3,167,Sti vir*Sti vir/NF,,,,
"September 23, 2022",664,3,164,Sti com*Sti vir/NF,,,,
"September 23, 2022",665,3,132,Hed alp*Pot arg/NF,,,,
"September 23, 2022",666,3,124,Geu tri*Sti com/NF,,,,
"September 23, 2022",667,3,197,Bou gra*Sti com/F,,,Y,
"September 23, 2022",668,3,165,Sti com*Tra dub/NF,,,,
"September 23, 2022",669,3,259,Hel hoo*Pot arg/F,,,,
"September 23, 2022",670,3,242,Geu tri*Pot arg/F,,,,
"September 23, 2022",671,3,95,Fra vir*Fra vir/NF,,,,
"September 23, 2022",672,3,208,Bro ine*Poa pra/F,,,,Y
"September 23, 2022",673,3,48,Ast lae*Pot arg/NF,,,,
"September 23, 2022",674,3,221,Ely tra*Pot arg/F,,,,
"September 23, 2022",675,3,180,Ane pat*Koe mac/F,,,,
"September 23, 2022",676,3,192,Bou gra*Hed alp/F,,,,
"September 23, 2022",677,3,266,Koe mac*Pot arg/F,,,,
"September 23, 2022",678,3,267,Koe mac*Sti com/F,,,,
"September 23, 2022",679,3,90,Ely tra*Pot arg/NF,,,,
"September 23, 2022",680,3,63,Bou gra*Pot arg/NF,,,,
"September 23, 2022",681,3,126,Geu tri*Tra dub/NF,,,,
"September 23, 2022",682,3,25,Ast fal*Fra vir/NF,,,,
"September 23, 2022",683,3,92,Ely tra*Sti vir/NF,,,,
"September 23, 2022",684,3,190,Bou gra*Gai ari/F,,,,
"September 23, 2022",685,3,113,Gai ari*Pot arg/NF,,,,
"September 23, 2022",686,3,78,Bro ine*Sti com/NF,,,,
"September 23, 2022",687,3,253,Hed alp*Sti vir/F,,,,
"September 23, 2022",688,3,274,Poa pra*Sti vir/F,,,,
"September 23, 2022",689,3,137,Hel hoo*Hel hoo/NF,,,,
"September 23, 2022",690,3,255,Hel hoo aone/F,,,,
"September 23, 2022",691,3,271,Poa pra*Poa pra/F,,,,
"September 23, 2022",692,3,219,Ely tra*Koe mac/F,,,,
"September 23, 2022",693,3,212,Bro ine*Tra dub/F,,,,
"September 23, 2022",694,3,130,Hed alp*Koe mac/NF,,,,
"September 23, 2022",695,3,209,Bro ine*Pot arg/F,,,,
"September 23, 2022",696,3,35,Ast fal*Tra dub/NF,,,,
"September 23, 2022",697,3,191,Bou gra*Geu tri/F,,,Y,
"September 23, 2022",698,3,217,Ely tra*Hed alp/F,,,,
"September 23, 2022",699,3,100,Fra vir*Koe mac/NF,,,,
"September 23, 2022",700,3,222,Ely tra*Sti com/F,,,,
"September 23, 2022",701,3,86,Ely tra*Hed alp/NF,,,,
"September 23, 2022",702,3,243,Geu tri*Sti com/F,,,,
"September 23, 2022",703,3,276,Pot arg alone/F,,,,
"September 23, 2022",704,3,260,Hel hoo*Sti com/F,,,,
"September 23, 2022",705,3,70,Bro ine*Fra vir/NF,,,,
"September 23, 2022",706,3,288,Tra dub alone/F,,,,
"September 23, 2022",707,3,150,Koe mac*Tra dub/NF,,,,
"September 23, 2022",708,3,275,Poa pra*Tra dub/F,,,,
"September 23, 2022",709,3,251,Hed alp*Pot arg/F,,,,
"September 23, 2022",710,3,64,Bou gra*Sti com/NF,,,,
"September 23, 2022",711,3,59,Bou gra*Hed alp/NF,,,Y,
"September 23, 2022",712,3,194,Bou gra*Koe mac/F,,,,
"September 23, 2022",713,3,254,Hed alp*Tra dub/F,,,,
"September 23, 2022",714,3,230,Gai ari*Koe mac/F,,Y,,
"September 23, 2022",715,3,50,Ast lae*Sti vir/NF,,,,
"September 23, 2022",716,3,140,Hel hoo*Pot arg/NF,,,,
"September 23, 2022",717,3,283,Sti com*Sti vir/F,,,,
"September 23, 2022",718,3,233,Gai ari*Sti com/F,,,,
"September 23, 2022",719,3,256,Hel hoo*Hel hoo/F,,,,
"September 23, 2022",720,3,184,Ane pat*Sti vir/F,,,,
"September 23, 2022",721,3,39,Ast lae*Bro ine/NF,,,,
"September 23, 2022",722,3,83,Ely tra*Fra vir/NF,,,,
"September 23, 2022",723,3,116,Gai ari*Tra dub/NF,,,,
"September 23, 2022",724,3,203,Bro ine*Gai ari/F,,,,
"September 23, 2022",725,3,24,Ast fal*Ely tra/NF,,,,
"September 23, 2022",726,3,54,Bou gra*Bro ine/NF,,,,
"September 23, 2022",727,3,122,Geu tri*Poa pra/NF,,,,
"September 23, 2022",728,3,207,Bro ine*Koe mac/F,,,,
"September 23, 2022",729,3,134,Hed alp*Sti vir/NF,,,,
"September 23, 2022",730,3,244,Geu tri*Sti vir/F,,,,
"September 23, 2022",731,3,216,Ely tra*Geu tri/F,,,,
"September 23, 2022",732,3,185,Ane pat*Tra dub/F,,,,
"September 23, 2022",733,3,36,Ast lae alone/NF,,,,
"September 23, 2022",734,3,171,Ane pat alone/F,,,,
"September 23, 2022",735,3,26,Ast fal*Gai ari/NF,,,,
"September 23, 2022",736,3,186,Bou gra alone/F,,,Y,
"September 23, 2022",737,3,43,Ast lae*Geu tri/NF,,,,
"September 23, 2022",738,3,117,Geu tri alone/NF,,,,
"September 23, 2022",739,3,200,Bro ine alone/F,,,,
"September 23, 2022",740,3,246,Hed alp alone/F,,,,
"September 23, 2022",741,3,263,Koe mac alone/F,,,,
"September 23, 2022",742,3,215,Ely tra*Gai ari/F,,,,
"September 23, 2022",743,3,112,Gai ari*Poa pra/NF,,,,
"September 23, 2022",744,3,157,Pot arg alone/NF,,,,
"September 23, 2022",745,3,280,Pot arg*Tra tub/F,,,,
"September 23, 2022",746,3,213,Ely tra alone/F,,,,
"September 23, 2022",747,3,231,Gai ari*Poa pra/F,,,,
"September 23, 2022",748,3,44,Ast lae*Hed alp/NF,,,,
"September 23, 2022",749,3,277,Pot arg*Pot arg/F,,,,
"September 23, 2022",750,3,2,Ane pat*Ane pat/NF,Y,,,
"September 23, 2022",751,3,11,Ane pat*Hed alp/NF,,,,
"September 23, 2022",752,3,237,Geu tri*Geu tri/F,,,,
"September 23, 2022",753,3,60,Bou gra*Hel hoo/NF,,,Y,
"September 23, 2022",754,3,3,Ane pat*Ast fal/NF,,,,
"September 23, 2022",755,3,103,Fra vir*Sti com/NF,,,,
"September 23, 2022",756,3,161,Pot arg*Tra dub/NF,,,,
"September 23, 2022",757,3,115,Gai ari*Sti vir/NF,,,,
"September 23, 2022",758,3,27,Ast fal*Geu tri/NF,,,,
"September 23, 2022",759,3,80,Bro ine*Tra dub/NF,,,,
"September 23, 2022",760,3,168,Sti vir*Tra dub/NF,,,,
"September 23, 2022",761,3,67,Bro ine alone/NF,,,,
"September 23, 2022",762,3,214,Ely tra*Ely tra/F,Y,Y,,
"September 23, 2022",763,3,143,Hel hoo*Tra dub/NF,,,,
"September 23, 2022",764,3,58,Bou gra*Geu tri/NF,,,,
"September 23, 2022",765,3,241,Geu tri*Poa pra/F,,,,
"September 23, 2022",766,3,111,Gai ari*Koe mac/NF,,,,
"September 23, 2022",767,3,69,Bro ine*Ely tra/NF,,,,
"September 23, 2022",768,3,172,Ane pat*Ane pat/F,,,,
"September 23, 2022",769,3,141,Hel hoo*Sti com/NF,,,,
"September 23, 2022",770,3,49,Ast lae*Sti com/NF,,,,
"September 23, 2022",771,3,119,Geu tri*Hed alp/NF,,,,
"September 23, 2022",772,3,158,Pot arg*Pot arg/NF,,,,
"September 23, 2022",773,3,282,Sti com*Sti com/F,,,,
"September 23, 2022",774,3,181,Ane pat*Poa pra/F,,,,
"September 23, 2022",775,3,51,Ast lae*Tra dub/NF,,,,
"September 23, 2022",776,3,223,Ely tra*Sti vir/F,,,,
"September 23, 2022",777,3,93,Ely tra*Tra dub/NF,,,,
"September 23, 2022",778,3,28,Ast fal*Hed alp/NF,,,,
"September 23, 2022",779,3,224,Ely tra*Tra dub/F,,,,
"September 23, 2022",780,3,71,Bro ine*Gai ari/NF,,,,
"September 23, 2022",781,3,163,Sti com*Sti com/NF,,,,
"September 23, 2022",782,3,74,Bro ine*Hel hoo/NF,,,,
"September 23, 2022",783,3,94,Fra vir alone/NF,,,,
"September 23, 2022",784,3,133,Hed alp*Sti com/NF,,,,
"September 23, 2022",785,3,79,Bro ine*Sti vir/NF,,,,
"September 23, 2022",786,3,220,Ely tra*Poa pra/F,,,,
"September 23, 2022",787,3,118,Geu tri*Geu tri/NF,,,,
"September 23, 2022",788,3,236,Geu tri alone/F,,,,
"September 23, 2022",789,3,138,Hel hoo*Koe mac/NF,,,,
"September 23, 2022",790,3,125,Geu tri*Sti vir/NF,,,,
"September 23, 2022",791,3,261,Hel hoo*Sti vir/F,,,,
"September 23, 2022",792,3,131,Hed alp*Poa pra/NF,,,,
"September 23, 2022",793,3,84,Ely tra*Gai ari/NF,,,,
"September 23, 2022",794,3,169,Tra dub alone/NF,,,,
"September 23, 2022",795,3,101,Fra vir*Poa pra/NF,,,,
"September 23, 2022",796,3,269,Koe mac*Tra dub/F,,,,
"September 23, 2022",797,3,240,Geu tri*Koe mac/F,,,,
"September 23, 2022",798,3,151,Poa pra alone/NF,,,,
"September 23, 2022",799,3,65,Bou gra*Sti vir/NF,,,,
"September 23, 2022",800,3,245,Geu tri*Tra dub/F,,,,
"September 23, 2022",801,3,270,Poa pra alone/F,,,,
"September 23, 2022",802,3,183,Ane pat*Sti com/F,,,,
"September 23, 2022",803,3,97,Fra vir*Geu tri/NF,,,,
"September 23, 2022",804,3,53,Bou gra*Bou gra/NF,,,,
"September 23, 2022",805,3,10,Ane pat*Geu tri/NF,,,,
"September 23, 2022",806,3,265,Koe mac*Poa pra/F,,,,
"September 23, 2022",807,3,250,Hed alp*Poa pra/F,,,,
"September 23, 2022",808,3,123,Geu tri*Pot arg/NF,,,,
"September 23, 2022",809,3,108,Gai ari*Geu tri/NF,,,,
"September 23, 2022",810,3,4,Ane pat*Ast lae/NF,,,,
"September 23, 2022",811,3,15,Ane pat*Pot arg/NF,,,,
"September 23, 2022",812,3,239,Geu tri*Hel hoo/F,,,,
"September 23, 2022",813,3,142,Hel hoo*Sti vir/NF,,,,
"September 23, 2022",814,3,285,Sti vir alone/F,,,,
"September 23, 2022",815,3,7,Ane pat*Ely tra/NF,,,,
"September 23, 2022",816,3,62,Bou gra*Poa pra/NF,,,,
"September 23, 2022",817,3,281,Sti com alone/F,,,,
"September 23, 2022",818,3,20,Ast fal*Ast fal/NF,,,,
"September 23, 2022",819,3,211,Bro ine*Sti vir/F,,,,
"September 23, 2022",820,3,206,Bro ine*Hel hoo/F,,,,
"September 23, 2022",821,3,38,Ast lae*Bou gra/NF,,,,
"September 23, 2022",822,3,102,Fra vir*Pot arg/NF,,,,
"September 23, 2022",823,3,201,Bro ine*Bro ine/F,,,,
"September 23, 2022",824,3,154,Poa pra*Sti com/NF,,,,
"September 23, 2022",825,3,76,Bro ine*Poa pra/NF,,,,
"September 23, 2022",826,3,104,Fra vir*Sti vir/NF,,,,
"September 23, 2022",827,3,152,Poa pra*Poa pra/NF,,,,
"September 23, 2022",828,3,31,Ast fal*Poa pra/NF,,,,
"September 23, 2022",829,3,42,Ast lae*Gai ari/NF,,,,
"September 23, 2022",830,3,139,Hel hoo*Poa pra/NF,,,,
"September 23, 2022",831,3,105,Fra vir*Tra dub/NF,,,,
"September 23, 2022",832,3,173,Ane pat*Bou gra/F,,,,Y
"September 23, 2022",833,3,12,Ane pat*Hel hoo/NF,,,,
"September 23, 2022",834,3,234,Gai ari*Sti vir/F,,,,
"September 23, 2022",835,3,61,Bou gra*Koe mac/NF,,,,
"September 23, 2022",836,3,5,Ane pat*Bou gra/NF,,,,
"September 23, 2022",837,3,87,Ely tra*Hel hoo/NF,,,,
"September 23, 2022",838,3,32,Ast fal*Pot arg/NF,,,,
"September 23, 2022",839,3,13,Ane pat*Koe mac/NF,,,,
"September 23, 2022",840,3,120,Geu tri*Hel hoo/NF,,,,
"September 23, 2022",841,3,40,Ast lae*Ely tra/NF,,,,
"September 23, 2022",842,3,286,Sti vir*Sti vir/F,,,,
"September 23, 2022",843,3,88,Ely tra*Koe mac/NF,,,,
"September 23, 2022",844,3,98,Fra vir*Hed alp/NF,,,,
"September 23, 2022",845,3,82,Ely tra*Ely tra/NF,,,,
"September 23, 2022",846,3,72,Bro ine*Geu tri/NF,,,,
"September 23, 2022",847,3,99,Fra vir*Hel hoo/NF,,,,
"September 23, 2022",848,3,225,Gai ari alone/F,,,,
"September 23, 2022",849,3,128,Hed alp*Hed alp/NF,,,,
"September 23, 2022",850,3,21,Ast fal*Ast lae/NF,,,,
"September 23, 2022",851,3,144,Koe mac alone/NF,,,,
"September 23, 2022",852,3,153,Poa pra*Pot arg/NF,,,,
"September 23, 2022",853,3,46,Ast lae*Koe mac/NF,,,,
"September 23, 2022",854,3,198,Bou gra*Sti vir/F,,,Y,
"September 23, 2022",855,3,174,Ane pat*Bro ine/F,,,,
"September 23, 2022",856,3,110,Gai ari*Hel hoo/NF,,,,
"September 23, 2022",857,3,264,Koe mac*Koe mac/F,,,,
"September 23, 2022",858,3,52,Bou gra alone/NF,,,Y,
"September 23, 2022",859,3,182,Ane pat*Pot arg/F,,,,
"September 23, 2022",860,3,29,Ast fal*Hel hoo/NF,,,,
"September 23, 2022",861,3,16,Ane pat*Sti com/NF,,,,
"September 23, 2022",862,3,289,Tra dub*Tra dub/F,,,,
"September 23, 2022",863,3,238,Geu tri*Hed alp/F,,,,
"September 23, 2022",864,3,1,Ane pat alone/NF,,,,
"September 23, 2022",865,3,81,Ely tra alone/NF,,,,
"September 23, 2022",866,3,235,Gai ari*Tra dub/F,,,,
"September 23, 2022",867,3,205,Bro ine*Hed alp/F,,,,